{
  "k": 20,
  "holdout_size": 5,
  "min_user_events": 20,
  "target_mode": "novel",
  "mf_eval_mode": "temporal_retrain",
  "candidate_top_n": 30000,
  "hybrid_weights": {
    "mf": 0.65,
    "pop": 0.25,
    "artist": 0.1,
    "grid": "0.55,0.35,0.10;0.45,0.45,0.10;0.40,0.50,0.10;0.35,0.55,0.10"
  },
  "users_in_holdout": 35,
  "results": [
    {
      "source": "pop",
      "users_evaluated": 35,
      "users_with_recs": 35,
      "user_coverage": 1.0,
      "precision_at_k": 0.0014285714285714286,
      "recall_at_k": 0.02857142857142857,
      "ndcg_at_k": 0.02857142857142857,
      "hit_rate_at_k": 0.02857142857142857,
      "item_coverage_at_k": 0.0009333333333333333,
      "personalization_at_k": 0.10185605677019634,
      "readable_rate_at_k": 1.0
    },
    {
      "source": "mf",
      "users_evaluated": 35,
      "users_with_recs": 35,
      "user_coverage": 1.0,
      "precision_at_k": 0.0014285714285714286,
      "recall_at_k": 0.02857142857142857,
      "ndcg_at_k": 0.012305044516382658,
      "hit_rate_at_k": 0.02857142857142857,
      "item_coverage_at_k": 0.011533333333333333,
      "personalization_at_k": 0.9161097040333908,
      "readable_rate_at_k": 1.0
    },
    {
      "source": "hybrid(w=0.45,0.45,0.10)",
      "users_evaluated": 35,
      "users_with_recs": 35,
      "user_coverage": 1.0,
      "precision_at_k": 0.0014285714285714286,
      "recall_at_k": 0.02857142857142857,
      "ndcg_at_k": 0.02857142857142857,
      "hit_rate_at_k": 0.02857142857142857,
      "item_coverage_at_k": 0.0067,
      "personalization_at_k": 0.7811959167912497,
      "readable_rate_at_k": 1.0
    },
    {
      "source": "dense",
      "users_evaluated": 35,
      "users_with_recs": 2,
      "user_coverage": 0.05714285714285714,
      "precision_at_k": 0.0,
      "recall_at_k": 0.0,
      "ndcg_at_k": 0.0,
      "hit_rate_at_k": 0.0,
      "item_coverage_at_k": 0.0007333333333333333,
      "personalization_at_k": 0.18181818181818177,
      "readable_rate_at_k": 1.0
    }
  ]
}